{
    "misc": {
        "Get Latest-config 20251111-12NN": "http://leerz.github.io/premazing_config.zip",
        "Premazing-2100 LITE MEGA": "https://mega.nz/file/UoVllZSA#l6tloUpeZXVhM4lIAa5z67k9K1SV3m8js9S5EqvDkpg",
        "Premazing-20.5 FULL MEGA": "https://mega.nz/file/p4dW0JQL#AojUiq5gti3Tkbn28BTi6-ehciveUP3R0qVTZ2JvwOE",
        "Premazing-20.5 LITE MEGA": "https://mega.nz/file/YoNBDSAK#erJ0JNDRuCoeqWyIrcCfJs40xb94TSbtktgo1g0yXfo",
        "Premazing-20.5 TINY MEGA": "https://mega.nz/file/10Vy0KiZ#vbJyo1bDzkSqTrg5fyZn53zGTwYgBxIlUMI_xyrYThM"
    },
    "ams": {
    }
}