{
    "config_date": "2026.02.22",
    "pack_name": "PremazingPH CFW Pack",
    "required_updater_version": "*",
    "updater_url": "https://leerz.github.io/premazingphupdater.zip",
    "categories": {
        "OS Packs": {
            "action": "updater",
            "items": [
                {
                    "name": "PRMZNGPH AMS-1.10.2 FULL",
                    "label": "Supports FW 21.2+",
                    "version": "2120",
                    "urls": {
						"MEGA": "https://mega.nz/file/R8Ey2TRZ#cXE_Gq4CW4Enl4VrV4A8zgy6yTUxMKuTJqGMifA6wqo",
                        "GDRIVE": "https://drive.google.com/file/d/1wrj1QJvIZrxsNubbl8Yp3bSKhGWYXOOH/view?usp=drive_link"
                    }
                },
                {
                    "name": "PRMZNGPH AMS-1.10.2 LITE",
                    "label": "Supports FW 21.2",
                    "version": "2120",
                    "urls": {
						"MEGA": "https://mega.nz/file/x5tWSKyD#KXlcpdar6Aaan9iKDBbrrglaku8BEZhwd9Ol6yFbUnc",
                        "GDRIVE": "https://drive.google.com/file/d/1Vb_DJLZuFWTIt7c-j6w_pK7jd2k2Uu04/view?usp=drive_link"
                    }
                }
            ]
        },
        "Add-Ons": {
            "action": "restart",
            "items": [
                {
                    "name": "Add-on Salty_FPS_Warehouse",
                    "url": "https://Leerz.github.io/addons/Salty_FPS_Warehouse.zip"
                }
            ]
        },
        "Payloads": {
            "action": "payload",
            "items": [
                {
                    "name": "Warmboot Fix Sleepmode",
                    "payload": "Warmboot_Extractor.bin",
                    "url": "https://Leerz.github.io/payloads/Warmboot_Extractor.zip"
                },
                {
                    "name": "AttribFixer CHMOD folders",
                    "payload": "attribfixer.bin",
                    "url": "https://Leerz.github.io/payloads/attribfixer.zip"
                }
            ]
        }
    }
}
