{
    "config_date": "2025.12.22",
    "pack_name": "PremazingPH CFW Pack",
    "required_updater_version": "*",
    "updater_url": "https://leerz.github.io/premazingphupdater.zip",
    "categories": {
        "OS Packs": {
            "action": "updater",
            "items": [
                {
                    "name": "PRMZNGPH AMS-1.10 FULL",
                    "label": "Supports FW 21.0+",
                    "version": "2110",
                    "urls": {
						"MEGA": "https://mega.nz/file/ct1Hibxa#Fnsonp3zAN3rm491MeJ6ck_MFug7eiDn59cCqj-whzs",
                        "GDRIVE": "https://drive.google.com/file/d/1UE_49nARgkn1Nz2lfJgtqWmX-tmQF7Sb/view?usp=drive_link"
                    }
                },
                {
                    "name": "PRMZNGPH AMS-1.10 LITE",
                    "label": "Supports FW 21.0",
                    "version": "2110",
                    "urls": {
						"MEGA": "https://mega.nz/file/U01HWT7B#vVyexLcIj2ivLGcCZbrJ9D1vHa1twd6RjCJouNIiHaQ",
                        "GDRIVE": "https://drive.google.com/file/d/11xLXBjp9hQpMkpxjcdJM3Xa58ZtO5Lya/view?usp=drive_link"
                    }
                }
            ]
        },
        "Add-Ons": {
            "action": "restart",
            "items": [
                {
                    "name": "Add-on Salty_FPS_Warehouse",
                    "url": "https://Leerz.github.io/addons/Salty_FPS_Warehouse.zip"
                }
            ]
        },
        "Payloads": {
            "action": "payload",
            "items": [
                {
                    "name": "Warmboot Fix Sleepmode",
                    "payload": "Warmboot_Extractor.bin",
                    "url": "https://Leerz.github.io/payloads/Warmboot_Extractor.zip"
                },
                {
                    "name": "AttribFixer CHMOD folders",
                    "payload": "attribfixer.bin",
                    "url": "https://Leerz.github.io/payloads/attribfixer.zip"
                }
            ]
        }
    }
}
