{
    "config_date": "2025.12.20",
    "pack_name": "PremazingPH CFW Pack",
    "required_updater_version": "1.10.0",
    "updater_url": "https://leerz.github.io/premazingphupdater.zip",
    "categories": {
        "OS Packs": {
            "action": "updater",
            "items": [
                {
                    "name": "PRMZNGPH AMS-1.10 FULL CLEAN",
                    "label": "Supports FW 21.0+",
                    "version": "2110",
                    "urls": {
                        "GDRIVE": "https://drive.google.com/file/d/1UE_49nARgkn1Nz2lfJgtqWmX-tmQF7Sb/view?usp=drive_link"
                    }
                },
                {
                    "name": "PRMZNGPH AMS-1.10 LITE CLEAN",
                    "label": "Supports FW 21.0",
                    "version": "2110",
                    "urls": {
                        "GDRIVE": "https://drive.google.com/file/d/11xLXBjp9hQpMkpxjcdJM3Xa58ZtO5Lya/view?usp=drive_link"
                    }
                }
            ]
        },
        "Hotfixes": {
            "action": "payload",
            "items": [
                {
                    "name": "Warmboot Fix Sleepmode",
                    "payload": "Warmboot_Extractor.bin",
                    "url": "https://Leerz.github.io/payloads/Warmboot_Extractor.zip"
                },
                {
                    "name": "AttribFixer CHMOD folders",
                    "payload": "attribfixer.bin",
                    "url": "https://Leerz.github.io/payloads/attribfixer.zip"
                }
            ]
        }
    }
}
