{
    "config_date": "2025.12.18",
    "pack_name": "PremazingPH CFW Pack",
    "required_updater_version": "1.08.0",
    "updater_url": "https://leerz.github.io/premazingphupdater.zip",
    "categories": {
        "OS Packs": {
            "action": "updater",
            "items": [
                {
                    "name": "PRMZNGPH AMS-1.10 FULL",
                    "label": "Supports FW 21.0+",
                    "version": "2110",
                    "urls": {
                        "MEGA": "https://mega.nz/file/5tMwUBqD#l3WzA-xKu-mlaJt_XSqDe3_D83MWWDcSz1C6LCKyPn8",
                        "GDRIVE": "https://drive.google.com/file/d/1UE_49nARgkn1Nz2lfJgtqWmX-tmQF7Sb/view?usp=drive_link"
                    }
                },
                {
                    "name": "PRMZNGPH AMS-1.10 LITE",
                    "label": "Supports FW 21.0",
                    "version": "2110",
                    "urls": {
                        "MEGA": "https://mega.nz/file/AskWVQbA#d4ZWASaZ5Szka5W9TQS7y2LZBWka32BrmAO3vtVIJws",
                        "GDRIVE": "https://drive.google.com/file/d/11xLXBjp9hQpMkpxjcdJM3Xa58ZtO5Lya/view?usp=drive_link"
                    }
                }
            ]
        },
        "Hotfixes": {
            "action": "payload",
            "items": [
                {
                    "name": "Warmboot Fix Sleepmode",
                    "payload": "Warmboot_Extractor.bin",
                    "url": "https://Leerz.github.io/payloads/Warmboot_Extractor.zip"
                },
                {
                    "name": "AttribFixer CHMOD folders",
                    "payload": "attribfixer.bin",
                    "url": "https://Leerz.github.io/payloads/attribfixer.zip"
                }
            ]
        },
        "Themes": {
            "action": "none",
            "items": [
                {
                    "name": "Dark Theme Pack",
                    "url": "https://example.com/dark-theme.zip"
                },
                {
                    "name": "Light Theme Pack",
                    "url": "https://example.com/light-theme.zip"
                }
            ]
        }
    }
}
